PROVINSI,KABUPATEN,KECAMATAN,KELURAHAN,LUAS_WILAYAH,JUMLAH_PENDUDUK,KEPADATAN_PENDUDUK,KRS,BPJS,IDM
SULAWESI BARAT,MAMUJU TENGAH,TOBADAK,MAHAHE,53,196,40,267,970,BERKEMBANG
SULAWESI BARAT,MAMUJU TENGAH,TOBADAK,SALOBAJA,14,891,12,835,952,TERTINGGAL
SULAWESI BARAT,MAMUJU TENGAH,TOBADAK,TOBADAK,98,863,48,711,537,MAJU
SULAWESI BARAT,MAMUJU TENGAH,TOBADAK,PALONGAAN,99,120,58,481,545,MANDIRI
SULAWESI BARAT,MAMUJU TENGAH,TOBADAK,BATU PARIGI,62,254,85,368,975,BERKEMBANG
SULAWESI BARAT,MAMUJU TENGAH,TOBADAK,BAMBADARU,84,611,88,246,350,TERTINGGAL
SULAWESI BARAT,MAMUJU TENGAH,TOBADAK,SEJATI,97,932,58,293,890,MAJU
SULAWESI BARAT,MAMUJU TENGAH,TOBADAK,SALOADAK,96,402,65,697,628,MANDIRI
SULAWESI BARAT,MAMUJU TENGAH,PANGALE,POLO PANGALE,96,517,35,851,148,BERKEMBANG
SULAWESI BARAT,MAMUJU TENGAH,PANGALE,PANGALE,23,779,17,577,867,TERTINGGAL
SULAWESI BARAT,MAMUJU TENGAH,PANGALE,SARTANAMAJU,16,605,23,278,195,MAJU
SULAWESI BARAT,MAMUJU TENGAH,PANGALE,POLO LERENG,89,472,22,421,480,MANDIRI
SULAWESI BARAT,MAMUJU TENGAH,PANGALE,KUO,37,325,45,144,791,BERKEMBANG
SULAWESI BARAT,MAMUJU TENGAH,PANGALE,POLO CAMBA,33,122,16,535,369,TERTINGGAL
SULAWESI BARAT,MAMUJU TENGAH,PANGALE,LAMBA-LAMBA,26,843,58,604,769,MAJU
SULAWESI BARAT,MAMUJU TENGAH,PANGALE,KOMBILING,22,534,80,774,267,MANDIRI
SULAWESI BARAT,MAMUJU TENGAH,PANGALE,LEMO-LEMO,50,230,94,111,858,BERKEMBANG
SULAWESI BARAT,MAMUJU TENGAH,BUDONG-BUDONG,BABANA,62,361,26,162,511,TERTINGGAL
SULAWESI BARAT,MAMUJU TENGAH,BUDONG-BUDONG,LUMU,96,486,61,454,907,MAJU
SULAWESI BARAT,MAMUJU TENGAH,BUDONG-BUDONG,PONTANAKAYANG,59,179,39,441,832,MANDIRI
SULAWESI BARAT,MAMUJU TENGAH,BUDONG-BUDONG,SALOGATTA,88,603,58,614,845,BERKEMBANG
SULAWESI BARAT,MAMUJU TENGAH,BUDONG-BUDONG,KIRE,44,644,53,870,341,TERTINGGAL
SULAWESI BARAT,MAMUJU TENGAH,BUDONG-BUDONG,TINALI,93,928,34,373,702,MAJU
SULAWESI BARAT,MAMUJU TENGAH,BUDONG-BUDONG,SALUMANURUNG,48,682,97,162,136,MANDIRI
SULAWESI BARAT,MAMUJU TENGAH,BUDONG-BUDONG,PASAPA,43,891,68,946,294,BERKEMBANG
SULAWESI BARAT,MAMUJU TENGAH,BUDONG-BUDONG,BOJO,26,264,28,736,622,TERTINGGAL
SULAWESI BARAT,MAMUJU TENGAH,BUDONG-BUDONG,BARAKKANG,100,921,38,712,962,MAJU
SULAWESI BARAT,MAMUJU TENGAH,BUDONG-BUDONG,LEMBAH HADA,82,841,41,278,978,MANDIRI
SULAWESI BARAT,MAMUJU TENGAH,TOPOYO,BUDONG-BUDONG,29,579,84,664,963,BERKEMBANG
SULAWESI BARAT,MAMUJU TENGAH,TOPOYO,TOPOYO,27,708,22,480,293,TERTINGGAL
SULAWESI BARAT,MAMUJU TENGAH,TOPOYO,TUMBU,35,574,36,911,792,MAJU
SULAWESI BARAT,MAMUJU TENGAH,TOPOYO,KABUBU,45,143,24,638,952,MANDIRI
SULAWESI BARAT,MAMUJU TENGAH,TOPOYO,WAEPUTEH,40,809,24,408,510,BERKEMBANG
SULAWESI BARAT,MAMUJU TENGAH,TOPOYO,TANGKOU,66,188,78,594,683,TERTINGGAL
SULAWESI BARAT,MAMUJU TENGAH,TOPOYO,TABOLANG,46,753,61,360,404,MAJU
SULAWESI BARAT,MAMUJU TENGAH,TOPOYO,PARAILI,71,787,97,352,628,MANDIRI
SULAWESI BARAT,MAMUJU TENGAH,TOPOYO,SALUPANGKANG,42,742,65,189,133,BERKEMBANG
SULAWESI BARAT,MAMUJU TENGAH,TOPOYO,SALUPANGKANG IV,87,503,79,632,718,TERTINGGAL
SULAWESI BARAT,MAMUJU TENGAH,TOPOYO,TAPPILINA,11,785,16,108,678,MAJU
SULAWESI BARAT,MAMUJU TENGAH,TOPOYO,BAMBAMANURUNG,76,883,67,443,221,MANDIRI
SULAWESI BARAT,MAMUJU TENGAH,TOPOYO,SALULEKBO,68,114,60,916,638,BERKEMBANG
SULAWESI BARAT,MAMUJU TENGAH,TOPOYO,PANGALLOANG,14,343,83,746,183,TERTINGGAL
SULAWESI BARAT,MAMUJU TENGAH,TOPOYO,SINABATTA,24,879,90,390,353,MAJU
SULAWESI BARAT,MAMUJU TENGAH,KAROSSA,KAROSSA,41,487,88,919,595,MANDIRI
SULAWESI BARAT,MAMUJU TENGAH,KAROSSA,TASOKKO,81,778,45,619,926,BERKEMBANG
SULAWESI BARAT,MAMUJU TENGAH,KAROSSA,LARA,76,660,22,197,549,TERTINGGAL
SULAWESI BARAT,MAMUJU TENGAH,KAROSSA,KADAILA,25,699,39,459,984,MAJU
SULAWESI BARAT,MAMUJU TENGAH,KAROSSA,KAYU CALLA,81,176,26,872,892,MANDIRI
SULAWESI BARAT,MAMUJU TENGAH,KAROSSA,LEMBAH HOPO,64,722,54,790,464,BERKEMBANG
SULAWESI BARAT,MAMUJU TENGAH,KAROSSA,BENGGAULU,86,708,97,472,422,TERTINGGAL
SULAWESI BARAT,MAMUJU TENGAH,KAROSSA,SUKA MAJU,59,604,39,336,187,MAJU
SULAWESI BARAT,MAMUJU TENGAH,KAROSSA,KAMBUNONG,80,488,22,230,252,MANDIRI
SULAWESI BARAT,MAMUJU TENGAH,KAROSSA,SALUBIRO,48,522,90,585,429,BERKEMBANG
SULAWESI BARAT,MAMUJU TENGAH,KAROSSA,SANJANGO,56,508,66,313,365,TERTINGGAL
SULAWESI BARAT,PASANGKAYU,BAMBAIRA,TAMPAURE,17,475,38,612,831,MAJU
SULAWESI BARAT,PASANGKAYU,BAMBAIRA,BAMBAIRA,94,216,89,713,204,MANDIRI
SULAWESI BARAT,PASANGKAYU,BAMBAIRA,KASOLOANG,93,517,59,105,300,BERKEMBANG
SULAWESI BARAT,PASANGKAYU,BAMBAIRA,KALUKU NANGKA,46,389,57,726,872,TERTINGGAL
SULAWESI BARAT,PASANGKAYU,BAMBALAMOTU,RANDOMAYANG,79,522,19,325,110,MAJU
SULAWESI BARAT,PASANGKAYU,BAMBALAMOTU,BAMBALAMOTU,20,753,37,951,736,MANDIRI
SULAWESI BARAT,PASANGKAYU,BAMBALAMOTU,POLEWALI,62,601,23,533,648,BERKEMBANG
SULAWESI BARAT,PASANGKAYU,BAMBALAMOTU,PANGIANG,47,802,46,447,116,TERTINGGAL
SULAWESI BARAT,PASANGKAYU,BAMBALAMOTU,KALOLA,26,125,74,483,965,MAJU
SULAWESI BARAT,PASANGKAYU,BAMBALAMOTU,WULAI,84,317,40,201,480,MANDIRI
SULAWESI BARAT,PASANGKAYU,BARAS,BARAS,87,191,12,159,430,BERKEMBANG
SULAWESI BARAT,PASANGKAYU,BARAS,BULU PARIGI,39,307,19,260,998,TERTINGGAL
SULAWESI BARAT,PASANGKAYU,BARAS,BALANTI,73,627,42,902,230,MAJU
SULAWESI BARAT,PASANGKAYU,BARAS,MOTU,25,311,79,312,563,MANDIRI
SULAWESI BARAT,PASANGKAYU,BARAS,TOWONI,20,153,49,424,534,BERKEMBANG
SULAWESI BARAT,PASANGKAYU,BARAS,KASANO,55,231,53,631,386,TERTINGGAL
SULAWESI BARAT,PASANGKAYU,BULU TABA,SUMBER SARI,51,424,82,756,794,MAJU
SULAWESI BARAT,PASANGKAYU,BULU TABA,LELEJAE,42,928,53,215,353,MANDIRI
SULAWESI BARAT,PASANGKAYU,BULU TABA,BUKIT HARAPAN,19,804,26,977,106,BERKEMBANG
SULAWESI BARAT,PASANGKAYU,BULU TABA,LILIMORI,18,820,69,819,292,TERTINGGAL
SULAWESI BARAT,PASANGKAYU,BULU TABA,KARAVE,57,676,41,638,684,MAJU
SULAWESI BARAT,PASANGKAYU,BULU TABA,KASTABUANA,44,367,29,243,196,MANDIRI
SULAWESI BARAT,PASANGKAYU,BULU TABA,OMPI,69,232,99,749,916,BERKEMBANG
SULAWESI BARAT,PASANGKAYU,DAPURANG,DAPURANG,53,519,53,860,409,TERTINGGAL
SULAWESI BARAT,PASANGKAYU,DAPURANG,BENGGAULU,49,840,77,332,454,MAJU
SULAWESI BARAT,PASANGKAYU,DAPURANG,TIRTABUANA,58,270,34,519,881,MANDIRI
SULAWESI BARAT,PASANGKAYU,DAPURANG,BULU BONGGU,21,337,80,844,159,BERKEMBANG
SULAWESI BARAT,PASANGKAYU,DAPURANG,SARASA,78,973,94,971,835,TERTINGGAL
SULAWESI BARAT,PASANGKAYU,DURIPOKU,TAMMARUNANG,11,528,21,697,256,MAJU
SULAWESI BARAT,PASANGKAYU,DURIPOKU,SAPTANAJAYA,20,921,53,421,101,MANDIRI
SULAWESI BARAT,PASANGKAYU,DURIPOKU,TARANGGI,74,364,16,201,659,BERKEMBANG
SULAWESI BARAT,PASANGKAYU,DURIPOKU,SIPAKAINGA,25,252,14,120,707,TERTINGGAL
SULAWESI BARAT,PASANGKAYU,LARIANG,KULU,65,630,47,941,474,MAJU
SULAWESI BARAT,PASANGKAYU,LARIANG,PARABU,38,279,89,423,911,MANDIRI
SULAWESI BARAT,PASANGKAYU,LARIANG,KENANGAN,46,949,21,571,304,BERKEMBANG
SULAWESI BARAT,PASANGKAYU,LARIANG,BAJAWALI,37,411,68,549,655,TERTINGGAL
SULAWESI BARAT,PASANGKAYU,LARIANG,SINGGANI,61,915,75,620,996,MAJU
SULAWESI BARAT,PASANGKAYU,LARIANG,BATU MATORU,81,989,10,611,570,MANDIRI
SULAWESI BARAT,PASANGKAYU,LARIANG,BAMBAKORO,87,918,37,438,271,BERKEMBANG
SULAWESI BARAT,PASANGKAYU,PASANGKAYU,KARYA BERSAMA,12,470,91,614,309,TERTINGGAL
SULAWESI BARAT,PASANGKAYU,PASANGKAYU,AKO,95,488,17,214,608,MAJU
SULAWESI BARAT,PASANGKAYU,PASANGKAYU,PASANGKAYU,40,475,15,985,194,MANDIRI
SULAWESI BARAT,PASANGKAYU,PASANGKAYU,MARTAJAYA,15,656,95,647,126,BERKEMBANG
SULAWESI BARAT,PASANGKAYU,PASANGKAYU,PAKAVA,43,494,33,543,989,TERTINGGAL
SULAWESI BARAT,PASANGKAYU,PASANGKAYU,GUNUNG SARI,80,522,84,975,677,MAJU
SULAWESI BARAT,PASANGKAYU,PEDONGGA,MALEI,91,627,50,336,207,MANDIRI
SULAWESI BARAT,PASANGKAYU,PEDONGGA,PEDANDA,36,597,14,962,860,BERKEMBANG
SULAWESI BARAT,PASANGKAYU,PEDONGGA,BATU OGE,49,835,93,495,712,TERTINGGAL
SULAWESI BARAT,PASANGKAYU,PEDONGGA,MARTASARI,91,763,69,427,190,MAJU
SULAWESI BARAT,PASANGKAYU,SARJO,SARJO,75,342,54,788,969,MANDIRI
SULAWESI BARAT,PASANGKAYU,SARJO,MAPONU,56,620,13,992,889,BERKEMBANG
SULAWESI BARAT,PASANGKAYU,SARJO,LETAWA,80,401,72,635,593,TERTINGGAL
SULAWESI BARAT,PASANGKAYU,SARJO,SARUDE,53,860,39,948,670,MAJU
SULAWESI BARAT,PASANGKAYU,SARUDU,DODA,86,804,36,270,843,MANDIRI
SULAWESI BARAT,PASANGKAYU,SARUDU,SARUDU,11,683,70,161,812,BERKEMBANG
SULAWESI BARAT,PASANGKAYU,SARUDU,BULU MARIO,57,437,25,543,609,TERTINGGAL
SULAWESI BARAT,PASANGKAYU,SARUDU,KUMASARI,94,413,94,691,550,MAJU
SULAWESI BARAT,PASANGKAYU,SARUDU,PATIKA,39,428,100,766,867,MANDIRI
SULAWESI BARAT,PASANGKAYU,TIKKE RAYA,MAKMUR JAYA,15,443,76,890,913,BERKEMBANG
SULAWESI BARAT,PASANGKAYU,TIKKE RAYA,LARIANG,25,628,62,267,398,TERTINGGAL
SULAWESI BARAT,PASANGKAYU,TIKKE RAYA,TIKKE,25,146,54,263,836,MAJU
SULAWESI BARAT,PASANGKAYU,TIKKE RAYA,PAJALELE,59,669,12,575,303,MANDIRI
SULAWESI BARAT,PASANGKAYU,TIKKE RAYA,JENGENG RAYA,65,326,40,544,565,BERKEMBANG
SULAWESI BARAT,MAJENE,BANGGAE,BANGGAE,53,935,32,223,609,TERTINGGAL
SULAWESI BARAT,MAJENE,BANGGAE,BARU,81,948,51,438,223,MAJU
SULAWESI BARAT,MAJENE,BANGGAE,PANGALI ALI,60,853,34,473,698,MANDIRI
SULAWESI BARAT,MAJENE,BANGGAE,TOTOLI,47,891,15,152,278,BERKEMBANG
SULAWESI BARAT,MAJENE,BANGGAE,RANGAS,66,514,25,951,690,TERTINGGAL
SULAWESI BARAT,MAJENE,BANGGAE,GALUNG,25,554,32,604,478,MAJU
SULAWESI BARAT,MAJENE,BANGGAE,PALIPI SOREANG,54,888,76,734,241,MANDIRI
SULAWESI BARAT,MAJENE,BANGGAE,PAMBOBORANG,40,440,64,134,335,BERKEMBANG
SULAWESI BARAT,MAJENE,BANGGAE TIMUR,BAURUNG,91,532,62,293,943,TERTINGGAL
SULAWESI BARAT,MAJENE,BANGGAE TIMUR,BARUGA,86,858,50,365,620,MAJU
SULAWESI BARAT,MAJENE,BANGGAE TIMUR,BARUGA DHUA,78,951,71,719,569,MANDIRI
SULAWESI BARAT,MAJENE,BANGGAE TIMUR,LABUANG,98,475,92,175,602,BERKEMBANG
SULAWESI BARAT,MAJENE,BANGGAE TIMUR,TANDE,23,231,60,832,753,TERTINGGAL
SULAWESI BARAT,MAJENE,BANGGAE TIMUR,LEMBANG,32,309,81,338,486,MAJU
SULAWESI BARAT,MAJENE,BANGGAE TIMUR,LABUANG UTARA,77,753,40,901,976,MANDIRI
SULAWESI BARAT,MAJENE,BANGGAE TIMUR,TANDE TIMUR,68,920,31,733,813,BERKEMBANG
SULAWESI BARAT,MAJENE,BANGGAE TIMUR,BUTTU BARUGA,83,520,67,767,607,TERTINGGAL
SULAWESI BARAT,MAJENE,MALUNDA,MALUNDA,95,717,59,531,632,MAJU
SULAWESI BARAT,MAJENE,MALUNDA,LAMUNGANG BATU,57,720,50,285,419,MANDIRI
SULAWESI BARAT,MAJENE,MALUNDA,BAMBANGAN,65,228,59,167,889,BERKEMBANG
SULAWESI BARAT,MAJENE,MALUNDA,LOMBANG,65,640,11,672,489,TERTINGGAL
SULAWESI BARAT,MAJENE,MALUNDA,LOMBONG,57,514,95,421,678,MAJU
SULAWESI BARAT,MAJENE,MALUNDA,MEKKATTA,67,402,100,936,234,MANDIRI
SULAWESI BARAT,MAJENE,MALUNDA,MALIAYA,52,246,78,791,367,BERKEMBANG
SULAWESI BARAT,MAJENE,MALUNDA,LOMBANG TIMUR,80,949,27,652,132,TERTINGGAL
SULAWESI BARAT,MAJENE,MALUNDA,SALUTAHONGAN,83,730,76,828,482,MAJU
SULAWESI BARAT,MAJENE,MALUNDA,LOMBONG TIMUR,82,476,100,730,188,MANDIRI
SULAWESI BARAT,MAJENE,MALUNDA,MEKKATTA SELATAN,11,109,19,354,732,BERKEMBANG
SULAWESI BARAT,MAJENE,MALUNDA,KAYUANGIN,51,454,39,201,672,TERTINGGAL
SULAWESI BARAT,MAJENE,PAMBOANG,LALAMPANUA,12,556,30,875,918,MAJU
SULAWESI BARAT,MAJENE,PAMBOANG,SIRINDU,47,300,100,385,705,MANDIRI
SULAWESI BARAT,MAJENE,PAMBOANG,ADOLANG,83,724,48,897,620,BERKEMBANG
SULAWESI BARAT,MAJENE,PAMBOANG,BABABULO,73,908,34,595,560,TERTINGGAL
SULAWESI BARAT,MAJENE,PAMBOANG,BONDE,71,207,38,794,653,MAJU
SULAWESI BARAT,MAJENE,PAMBOANG,BETTENG,95,184,20,195,134,MANDIRI
SULAWESI BARAT,MAJENE,PAMBOANG,SIMBANG,68,894,51,125,331,BERKEMBANG
SULAWESI BARAT,MAJENE,PAMBOANG,BONDE UTARA,46,618,57,157,893,TERTINGGAL
SULAWESI BARAT,MAJENE,PAMBOANG,BABABULO UTARA,35,520,100,494,354,MAJU
SULAWESI BARAT,MAJENE,PAMBOANG,BUTTU PAMBOANG,58,379,89,553,165,MANDIRI
SULAWESI BARAT,MAJENE,PAMBOANG,BANUA ADOLANG,33,574,41,916,181,BERKEMBANG
SULAWESI BARAT,MAJENE,PAMBOANG,ADOLANG DHUA,64,609,29,916,362,TERTINGGAL
SULAWESI BARAT,MAJENE,PAMBOANG,TINAMBUNG,11,559,45,511,352,MAJU
SULAWESI BARAT,MAJENE,PAMBOANG,PESULOANG,51,486,85,284,555,MANDIRI
SULAWESI BARAT,MAJENE,PAMBOANG,BALOMBONG,37,172,26,879,974,BERKEMBANG
SULAWESI BARAT,MAJENE,SENDANA,MOSSO,40,461,90,146,125,TERTINGGAL
SULAWESI BARAT,MAJENE,SENDANA,MOSSO DHUA,70,912,66,851,324,MAJU
SULAWESI BARAT,MAJENE,SENDANA,TOTOLISI SENDANA,57,114,41,472,717,MANDIRI
SULAWESI BARAT,MAJENE,SENDANA,TALLUBANUA,49,990,50,104,659,BERKEMBANG
SULAWESI BARAT,MAJENE,SENDANA,LALATEDZONG,99,189,98,449,746,TERTINGGAL
SULAWESI BARAT,MAJENE,SENDANA,BINANGA,57,956,75,995,654,MAJU
SULAWESI BARAT,MAJENE,SENDANA,PUTTADA,19,682,64,286,673,MANDIRI
SULAWESI BARAT,MAJENE,SENDANA,PAMINGGALAN,36,782,66,200,274,BERKEMBANG
SULAWESI BARAT,MAJENE,SENDANA,LEPPANGANG,74,302,61,803,935,TERTINGGAL
SULAWESI BARAT,MAJENE,SENDANA,PUNDAU,94,112,95,989,426,MAJU
SULAWESI BARAT,MAJENE,SENDANA,SENDANA,22,925,68,764,485,MANDIRI
SULAWESI BARAT,MAJENE,SENDANA,BANUA SENDANA,28,632,85,294,418,BERKEMBANG
SULAWESI BARAT,MAJENE,SENDANA,TALLUBANUA UTARA,99,695,44,521,142,TERTINGGAL
SULAWESI BARAT,MAJENE,SENDANA,LIMBORO RAMBU-RAMBU,89,733,19,552,489,MAJU
SULAWESI BARAT,MAJENE,SENDANA,LIMBUA,70,787,38,681,652,MANDIRI
SULAWESI BARAT,MAJENE,SENDANA,BUKIT SAMANG,36,175,53,298,385,BERKEMBANG
SULAWESI BARAT,MAJENE,TAMMERODO SENDANA,SEPPONG,94,706,37,397,984,TERTINGGAL
SULAWESI BARAT,MAJENE,TAMMERODO SENDANA,TAMMERODO,47,731,84,731,345,MAJU
SULAWESI BARAT,MAJENE,TAMMERODO SENDANA,ULIDANG,11,734,72,122,984,MANDIRI
SULAWESI BARAT,MAJENE,TAMMERODO SENDANA,TALLAMBALAO,73,961,84,416,794,BERKEMBANG
SULAWESI BARAT,MAJENE,TAMMERODO SENDANA,TAMMERODO UTARA,25,212,24,495,675,TERTINGGAL
SULAWESI BARAT,MAJENE,TAMMERODO SENDANA,MANYAMBA,61,542,22,693,784,MAJU
SULAWESI BARAT,MAJENE,TAMMERODO SENDANA,AWO,20,384,47,961,891,MANDIRI
SULAWESI BARAT,MAJENE,TUBO SENDANA,ONANG,94,866,58,199,607,BERKEMBANG
SULAWESI BARAT,MAJENE,TUBO SENDANA,TUBO,49,280,73,586,994,TERTINGGAL
SULAWESI BARAT,MAJENE,TUBO SENDANA,ONANG UTARA,94,838,15,973,975,MAJU
SULAWESI BARAT,MAJENE,TUBO SENDANA,TUBO SELATAN,53,636,59,361,794,MANDIRI
SULAWESI BARAT,MAJENE,TUBO SENDANA,BONDE BONDE,88,490,26,425,538,BERKEMBANG
SULAWESI BARAT,MAJENE,TUBO SENDANA,TUBO TENGAH,48,352,89,109,621,TERTINGGAL
SULAWESI BARAT,MAJENE,TUBO SENDANA,TUBO POANG,37,941,83,219,468,MAJU
SULAWESI BARAT,MAJENE,ULUMANDA,KABIRAAN,41,388,68,942,586,MANDIRI
SULAWESI BARAT,MAJENE,ULUMANDA,SAMBABO,15,955,60,953,535,BERKEMBANG
SULAWESI BARAT,MAJENE,ULUMANDA,TANDEALLO,48,298,21,443,153,TERTINGGAL
SULAWESI BARAT,MAJENE,ULUMANDA,ULUMANDA,82,687,16,186,242,MAJU
SULAWESI BARAT,MAJENE,ULUMANDA,SALUTAMBUNG,92,938,95,449,119,MANDIRI
SULAWESI BARAT,MAJENE,ULUMANDA,POPENGA,19,600,30,531,680,BERKEMBANG
SULAWESI BARAT,MAJENE,ULUMANDA,SULAI,72,571,98,618,116,TERTINGGAL
SULAWESI BARAT,MAJENE,ULUMANDA,PANGGALO,58,209,29,930,946,MAJU
SULAWESI BARAT,MAMASA,ARALLE,ARALLE,66,744,29,939,479,MANDIRI
SULAWESI BARAT,MAMASA,ARALLE,RALLE ANAK,66,613,40,723,926,BERKEMBANG
SULAWESI BARAT,MAMASA,ARALLE,PANETEAN,21,967,45,476,285,TERTINGGAL
SULAWESI BARAT,MAMASA,ARALLE,UHAILANU,74,162,26,296,691,MAJU
SULAWESI BARAT,MAMASA,ARALLE,ARALLE UTARA,26,110,43,197,236,MANDIRI
SULAWESI BARAT,MAMASA,ARALLE,UHAIDAHO,57,102,91,557,934,BERKEMBANG
SULAWESI BARAT,MAMASA,ARALLE,BARURU,16,191,59,911,257,TERTINGGAL
SULAWESI BARAT,MAMASA,ARALLE,RALLEANAK UTARA,95,869,23,757,203,MAJU
SULAWESI BARAT,MAMASA,ARALLE,PAMOSEANG PANGGA,96,747,62,908,203,MANDIRI
SULAWESI BARAT,MAMASA,ARALLE,KALABE,80,931,27,148,250,BERKEMBANG
SULAWESI BARAT,MAMASA,ARALLE,ARALLE SELATAN,48,866,19,785,946,TERTINGGAL
SULAWESI BARAT,MAMASA,ARALLE,HAHANGAN,14,924,11,104,247,MAJU
SULAWESI BARAT,MAMASA,BALLA,BALLA,66,173,53,202,232,MANDIRI
SULAWESI BARAT,MAMASA,BALLA,BALLA BARAT,52,351,47,368,270,BERKEMBANG
SULAWESI BARAT,MAMASA,BALLA,BALLA SATANETEAN,70,287,67,534,898,TERTINGGAL
SULAWESI BARAT,MAMASA,BALLA,BALLA TUMUKA,10,407,52,754,953,MAJU
SULAWESI BARAT,MAMASA,BALLA,SEPAKUAN,44,849,68,964,549,MANDIRI
SULAWESI BARAT,MAMASA,BALLA,PIDARA,47,781,31,788,756,BERKEMBANG
SULAWESI BARAT,MAMASA,BALLA,BAMBAPUANG,36,459,48,134,550,TERTINGGAL
SULAWESI BARAT,MAMASA,BALLA,BALLA TIMUR,97,179,10,220,148,MAJU
SULAWESI BARAT,MAMASA,BAMBANG,MOKALLANG,44,251,28,957,638,MANDIRI
SULAWESI BARAT,MAMASA,BAMBANG,MASOSO,78,806,67,255,632,BERKEMBANG
SULAWESI BARAT,MAMASA,BAMBANG,SALUASSING,49,957,34,430,427,TERTINGGAL
SULAWESI BARAT,MAMASA,BAMBANG,SALUBULO,79,398,40,675,150,MAJU
SULAWESI BARAT,MAMASA,BAMBANG,SALUKADI,79,438,41,104,260,MANDIRI
SULAWESI BARAT,MAMASA,BAMBANG,SALUKEPOPOK,49,131,11,991,504,BERKEMBANG
SULAWESI BARAT,MAMASA,BAMBANG,ULUMAMBI BARAT,14,155,79,352,238,TERTINGGAL
SULAWESI BARAT,MAMASA,BAMBANG,LIMBADEBATA,95,376,62,125,554,MAJU
SULAWESI BARAT,MAMASA,BAMBANG,TANETE TOMBA,35,970,68,556,900,MANDIRI
SULAWESI BARAT,MAMASA,BAMBANG,BAMBANG,17,874,43,472,816,BERKEMBANG
SULAWESI BARAT,MAMASA,BAMBANG,RANTELEMO,70,228,36,938,241,TERTINGGAL
SULAWESI BARAT,MAMASA,BAMBANG,SALUDENGEN,98,469,52,999,155,MAJU
SULAWESI BARAT,MAMASA,BAMBANG,ULUMAMBI,52,516,44,575,772,MANDIRI
SULAWESI BARAT,MAMASA,BAMBANG,BAMBANG TIMUR,10,878,53,616,467,BERKEMBANG
SULAWESI BARAT,MAMASA,BAMBANG,MINANGA,86,182,52,998,127,TERTINGGAL
SULAWESI BARAT,MAMASA,BAMBANG,SIKAMASE,21,767,11,948,933,MAJU
SULAWESI BARAT,MAMASA,BAMBANG,RANTETARIMA,61,369,62,176,131,MANDIRI
SULAWESI BARAT,MAMASA,BAMBANG,SALURURU,79,581,19,665,160,BERKEMBANG
SULAWESI BARAT,MAMASA,BAMBANG,SALUTABANG,54,364,32,308,152,TERTINGGAL
SULAWESI BARAT,MAMASA,BAMBANG,BALATANA,52,533,84,535,351,MAJU
SULAWESI BARAT,MAMASA,BUNTUMALANGKA,BUNTUMALANGKA,40,286,58,305,787,MANDIRI
SULAWESI BARAT,MAMASA,BUNTUMALANGKA,RANTEBERAN,30,676,93,834,437,BERKEMBANG
SULAWESI BARAT,MAMASA,BUNTUMALANGKA,KEBANGA,28,648,10,666,500,TERTINGGAL
SULAWESI BARAT,MAMASA,BUNTUMALANGKA,SALURINDU,97,910,94,758,181,MAJU
SULAWESI BARAT,MAMASA,BUNTUMALANGKA,TAORA,97,921,48,713,516,MANDIRI
SULAWESI BARAT,MAMASA,BUNTUMALANGKA,KABAE,72,127,63,843,873,BERKEMBANG
SULAWESI BARAT,MAMASA,BUNTUMALANGKA,SALUTAMBUN BARAT,97,332,29,204,792,TERTINGGAL
SULAWESI BARAT,MAMASA,BUNTUMALANGKA,PENATANGAN,65,911,44,703,908,MAJU
SULAWESI BARAT,MAMASA,BUNTUMALANGKA,SALUTAMBUN TIMUR,35,291,95,913,770,MANDIRI
SULAWESI BARAT,MAMASA,BUNTUMALANGKA,SALUTAMBUN,71,783,71,833,925,BERKEMBANG
SULAWESI BARAT,MAMASA,BUNTUMALANGKA,ARALLE TIMUR,48,306,81,117,108,TERTINGGAL
SULAWESI BARAT,MAMASA,MAMASA,MAMASA,49,303,27,468,467,MAJU
SULAWESI BARAT,MAMASA,MAMASA,RAMBUSARATU,46,843,60,491,104,MANDIRI
SULAWESI BARAT,MAMASA,MAMASA,OSANGO,31,936,47,503,912,BERKEMBANG
SULAWESI BARAT,MAMASA,MAMASA,LAMBANAN,90,689,52,314,893,TERTINGGAL
SULAWESI BARAT,MAMASA,MAMASA,LEMBANA SALULO,72,987,91,216,780,MAJU
SULAWESI BARAT,MAMASA,MAMASA,TAUPE,34,674,99,318,765,MANDIRI
SULAWESI BARAT,MAMASA,MAMASA,BUNTU BUDA,47,223,98,283,800,BERKEMBANG
SULAWESI BARAT,MAMASA,MAMASA,TONDOK BAKARU,67,825,82,155,797,TERTINGGAL
SULAWESI BARAT,MAMASA,MAMASA,PEBASSIAN,22,190,76,238,418,MAJU
SULAWESI BARAT,MAMASA,MAMASA,MAMBULILING,10,882,96,368,367,MANDIRI
SULAWESI BARAT,MAMASA,MAMASA,BOMBONG LAMBE,76,481,67,453,350,BERKEMBANG
SULAWESI BARAT,MAMASA,MAMASA,BUBUN BATU,58,134,82,158,811,TERTINGGAL
SULAWESI BARAT,MAMASA,MAMBI,MAMBI,98,630,99,819,560,MAJU
SULAWESI BARAT,MAMASA,MAMBI,TALIPUKKI,65,463,45,941,556,MANDIRI
SULAWESI BARAT,MAMASA,MAMBI,RANTEBULAHAN,65,517,74,223,253,BERKEMBANG
SULAWESI BARAT,MAMASA,MAMBI,SONDONGLAYU,94,921,94,539,266,TERTINGGAL
SULAWESI BARAT,MAMASA,MAMBI,SALUBANUA,50,115,63,985,753,MAJU
SULAWESI BARAT,MAMASA,MAMBI,TAPALINA,91,549,51,395,752,MANDIRI
SULAWESI BARAT,MAMASA,MAMBI,SENDANA,14,552,59,724,839,BERKEMBANG
SULAWESI BARAT,MAMASA,MAMBI,PAMOSEAN,72,112,35,969,782,TERTINGGAL
SULAWESI BARAT,MAMASA,MAMBI,SELUMAKA,23,501,63,304,269,MAJU
SULAWESI BARAT,MAMASA,MAMBI,BUJUNG MANURUNG,92,910,99,468,466,MANDIRI
SULAWESI BARAT,MAMASA,MAMBI,SALU ALO,84,755,12,162,334,BERKEMBANG
SULAWESI BARAT,MAMASA,MAMBI,INDOBANUA,48,361,31,404,884,TERTINGGAL
SULAWESI BARAT,MAMASA,MAMBI,SALUDURIAN,61,609,58,239,815,MAJU
SULAWESI BARAT,MAMASA,MEHALAAN,MEHALAAN,56,978,83,556,338,MANDIRI
SULAWESI BARAT,MAMASA,MEHALAAN,BOTTENG,29,727,37,969,129,BERKEMBANG
SULAWESI BARAT,MAMASA,MEHALAAN,SALUKONTA,28,943,76,568,691,TERTINGGAL
SULAWESI BARAT,MAMASA,MEHALAAN,MESAKADA,92,845,79,782,831,MAJU
SULAWESI BARAT,MAMASA,MEHALAAN,MEHALAAN BARAT,88,184,42,723,650,MANDIRI
SULAWESI BARAT,MAMASA,MEHALAAN,SALUAHOK,50,446,85,697,966,BERKEMBANG
SULAWESI BARAT,MAMASA,MEHALAAN,SALUBALO,38,462,43,717,399,TERTINGGAL
SULAWESI BARAT,MAMASA,MEHALAAN,PASSEMBUK,48,606,92,864,813,MAJU
SULAWESI BARAT,MAMASA,MEHALAAN,KONDO,43,434,91,751,320,MANDIRI
SULAWESI BARAT,MAMASA,MEHALAAN,LEKO SUKAMAJU,40,238,75,108,583,BERKEMBANG
SULAWESI BARAT,MAMASA,MEHALAAN,ULUMEA,78,684,49,407,207,TERTINGGAL
SULAWESI BARAT,MAMASA,MESSAWA,MESSAWA,63,990,57,642,317,MAJU
SULAWESI BARAT,MAMASA,MESSAWA,RIPPUNG,22,829,36,767,358,MANDIRI
SULAWESI BARAT,MAMASA,MESSAWA,MAKUANG,19,320,93,109,166,BERKEMBANG
SULAWESI BARAT,MAMASA,MESSAWA,SEPANG,33,348,73,522,988,TERTINGGAL
SULAWESI BARAT,MAMASA,MESSAWA,MALIMBONG,70,606,74,344,116,MAJU
SULAWESI BARAT,MAMASA,MESSAWA,MATANDE,54,261,71,161,617,MANDIRI
SULAWESI BARAT,MAMASA,MESSAWA,SIPAI,94,556,67,822,333,BERKEMBANG
SULAWESI BARAT,MAMASA,MESSAWA,PASMA MAMBU,25,957,18,836,386,TERTINGGAL
SULAWESI BARAT,MAMASA,MESSAWA,TANETE BATU,81,548,93,539,464,MAJU
SULAWESI BARAT,MAMASA,NOSU,NOSU,84,434,24,577,724,MANDIRI
SULAWESI BARAT,MAMASA,NOSU,MINANGA,84,347,19,790,147,BERKEMBANG
SULAWESI BARAT,MAMASA,NOSU,BATUPAPAN,88,539,55,793,260,TERTINGGAL
SULAWESI BARAT,MAMASA,NOSU,MASEWWE,38,219,81,728,381,MAJU
SULAWESI BARAT,MAMASA,NOSU,SIWI,83,178,76,629,620,MANDIRI
SULAWESI BARAT,MAMASA,NOSU,MINANGA TIMUR,50,270,34,215,248,BERKEMBANG
SULAWESI BARAT,MAMASA,NOSU,PARINDING,56,750,81,507,930,TERTINGGAL
SULAWESI BARAT,MAMASA,PANA,PANA,96,528,74,637,501,MAJU
SULAWESI BARAT,MAMASA,PANA,MANIPI,60,976,52,641,435,MANDIRI
SULAWESI BARAT,MAMASA,PANA,MAMULLU,29,928,14,650,537,BERKEMBANG
SULAWESI BARAT,MAMASA,PANA,SAPAN,74,333,53,851,557,TERTINGGAL
SULAWESI BARAT,MAMASA,PANA,DATUBARINGAN,74,530,86,135,686,MAJU
SULAWESI BARAT,MAMASA,PANA,PANURA,27,493,85,178,988,MANDIRI
SULAWESI BARAT,MAMASA,PANA,TALLANG BULAWAN,98,266,39,600,994,BERKEMBANG
SULAWESI BARAT,MAMASA,PANA,KARAKA,99,370,79,536,635,TERTINGGAL
SULAWESI BARAT,MAMASA,PANA,ULUSALU,23,839,73,150,185,MAJU
SULAWESI BARAT,MAMASA,PANA,WERI,39,593,17,780,209,MANDIRI
SULAWESI BARAT,MAMASA,PANA,SALUTAMBUN,70,789,55,403,442,BERKEMBANG
SULAWESI BARAT,MAMASA,PANA,SALOAN,94,258,61,587,466,TERTINGGAL
SULAWESI BARAT,MAMASA,PANA,ULUSALU INDAH,76,579,49,735,845,MAJU
SULAWESI BARAT,MAMASA,RANTEBULAHAN TIMUR,SALUMOKANAN,26,243,43,355,675,MANDIRI
SULAWESI BARAT,MAMASA,RANTEBULAHAN TIMUR,SALUMOKANAN BARAT,42,215,57,760,295,BERKEMBANG
SULAWESI BARAT,MAMASA,RANTEBULAHAN TIMUR,BUANGIN,56,899,95,300,253,TERTINGGAL
SULAWESI BARAT,MAMASA,RANTEBULAHAN TIMUR,BAMBANG BUDA,48,118,72,196,985,MAJU
SULAWESI BARAT,MAMASA,RANTEBULAHAN TIMUR,LEKO,62,419,92,260,812,MANDIRI
SULAWESI BARAT,MAMASA,RANTEBULAHAN TIMUR,KIRAK,20,318,28,512,224,BERKEMBANG
SULAWESI BARAT,MAMASA,RANTEBULAHAN TIMUR,SALUMOKANAN UTARA,69,408,19,205,402,TERTINGGAL
SULAWESI BARAT,MAMASA,RANTEBULAHAN TIMUR,SAMPALE,69,659,68,403,568,MAJU
SULAWESI BARAT,MAMASA,SESENAPADANG,OROBUA,47,550,42,725,194,MANDIRI
SULAWESI BARAT,MAMASA,SESENAPADANG,PALADAN,58,315,60,918,504,BERKEMBANG
SULAWESI BARAT,MAMASA,SESENAPADANG,OROBUA TIMUR,60,979,18,197,574,TERTINGGAL
SULAWESI BARAT,MAMASA,SESENAPADANG,RANTE PUANG,47,390,31,218,312,MAJU
SULAWESI BARAT,MAMASA,SESENAPADANG,SATENETEAN,62,521,62,497,908,MANDIRI
SULAWESI BARAT,MAMASA,SESENAPADANG,LISUAN ADA,79,603,43,349,981,BERKEMBANG
SULAWESI BARAT,MAMASA,SESENAPADANG,OROBUA SELATAN,36,844,59,481,356,TERTINGGAL
SULAWESI BARAT,MAMASA,SESENAPADANG,MALANGKENA PADANG,64,382,42,622,649,MAJU
SULAWESI BARAT,MAMASA,SESENAPADANG,MALIMBONG,11,786,42,567,666,MANDIRI
SULAWESI BARAT,MAMASA,SESENAPADANG,MARAMPAN OROBUA,72,228,42,954,155,BERKEMBANG
SULAWESI BARAT,MAMASA,SUMARORONG,SUMARORONG,17,380,93,487,113,TERTINGGAL
SULAWESI BARAT,MAMASA,SUMARORONG,TABONE,73,973,62,562,828,MAJU
SULAWESI BARAT,MAMASA,SUMARORONG,BATANG URU,34,624,84,887,219,MANDIRI
SULAWESI BARAT,MAMASA,SUMARORONG,SASAKAN,14,525,41,522,721,BERKEMBANG
SULAWESI BARAT,MAMASA,SUMARORONG,TADISI,43,828,74,612,435,TERTINGGAL
SULAWESI BARAT,MAMASA,SUMARORONG,SIBANAWA,13,341,52,788,664,MAJU
SULAWESI BARAT,MAMASA,SUMARORONG,BATANGNGURU TIMUR,70,134,17,398,555,MANDIRI
SULAWESI BARAT,MAMASA,SUMARORONG,SALUBALO,70,462,79,614,152,BERKEMBANG
SULAWESI BARAT,MAMASA,SUMARORONG,BANEA,29,550,40,439,491,TERTINGGAL
SULAWESI BARAT,MAMASA,SUMARORONG,RANTE KAMASE,100,152,11,340,477,MAJU
SULAWESI BARAT,MAMASA,TABANG,TABANG,41,681,47,492,561,MANDIRI
SULAWESI BARAT,MAMASA,TABANG,TADOKALUA,21,756,55,994,516,BERKEMBANG
SULAWESI BARAT,MAMASA,TABANG,TABANG BARAT,82,279,16,450,553,TERTINGGAL
SULAWESI BARAT,MAMASA,TABANG,MASUPU,69,419,83,623,688,MAJU
SULAWESI BARAT,MAMASA,TABANG,KALAMA,76,144,74,234,338,MANDIRI
SULAWESI BARAT,MAMASA,TABANG,BAKADISURA,10,436,47,191,291,BERKEMBANG
SULAWESI BARAT,MAMASA,TABANG,SALUKONA,17,843,20,308,559,TERTINGGAL
SULAWESI BARAT,MAMASA,TABULAHAN,LAKAHANG,82,478,28,310,851,MAJU
SULAWESI BARAT,MAMASA,TABULAHAN,PERIANGAN,14,150,39,840,859,MANDIRI
SULAWESI BARAT,MAMASA,TABULAHAN,MALATIRO,95,263,73,994,565,BERKEMBANG
SULAWESI BARAT,MAMASA,TABULAHAN,TABULAHAN,55,864,70,238,499,TERTINGGAL
SULAWESI BARAT,MAMASA,TABULAHAN,SALULEANG,76,300,51,767,913,MAJU
SULAWESI BARAT,MAMASA,TABULAHAN,TAMPAK KURRA,40,361,69,815,794,MANDIRI
SULAWESI BARAT,MAMASA,TABULAHAN,GANDANG DEWATA,62,247,57,642,623,BERKEMBANG
SULAWESI BARAT,MAMASA,TABULAHAN,BURANA,61,259,33,388,491,TERTINGGAL
SULAWESI BARAT,MAMASA,TABULAHAN,SALUBAKKA,64,568,22,750,599,MAJU
SULAWESI BARAT,MAMASA,TABULAHAN,PANGANDARAN,30,182,47,148,800,MANDIRI
SULAWESI BARAT,MAMASA,TABULAHAN,TALOPAK,11,388,96,921,453,BERKEMBANG
SULAWESI BARAT,MAMASA,TABULAHAN,PEU',27,306,39,361,945,TERTINGGAL
SULAWESI BARAT,MAMASA,TABULAHAN,TIMORO,70,327,63,360,745,MAJU
SULAWESI BARAT,MAMASA,TABULAHAN,LAKAHANG UTAMA,89,276,71,928,647,MANDIRI
SULAWESI BARAT,MAMASA,TANDUK KALUA,MINAKE,89,293,12,416,103,BERKEMBANG
SULAWESI BARAT,MAMASA,TANDUK KALUA,MALABO,79,237,90,118,898,TERTINGGAL
SULAWESI BARAT,MAMASA,TANDUK KALUA,SINDAGAMANIK,44,775,81,650,654,MAJU
SULAWESI BARAT,MAMASA,TANDUK KALUA,PARONDOBULAWAN,46,550,91,326,177,MANDIRI
SULAWESI BARAT,MAMASA,TANDUK KALUA,TAMALANTIK,29,175,64,227,531,BERKEMBANG
SULAWESI BARAT,MAMASA,TANDUK KALUA,MANNABABA,50,718,57,854,710,TERTINGGAL
SULAWESI BARAT,MAMASA,TANDUK KALUA,MESAKADA,67,387,17,320,119,MAJU
SULAWESI BARAT,MAMASA,TANDUK KALUA,BALLABATU,95,411,93,530,585,MANDIRI
SULAWESI BARAT,MAMASA,TANDUK KALUA,PAMBE,56,350,34,168,469,BERKEMBANG
SULAWESI BARAT,MAMASA,TANDUK KALUA,SALURANO,28,228,16,244,458,TERTINGGAL
SULAWESI BARAT,MAMASA,TANDUK KALUA,TALIMBUNG,41,830,75,102,252,MAJU
SULAWESI BARAT,MAMASA,TANDUK KALUA,KANAN,94,214,18,391,946,MANDIRI
SULAWESI BARAT,MAMASA,TAWALIAN,TAWALIAN,28,620,81,803,452,BERKEMBANG
SULAWESI BARAT,MAMASA,TAWALIAN,TAWALIAN TIMUR,74,387,24,187,228,TERTINGGAL
SULAWESI BARAT,MAMASA,TAWALIAN,KARIANGO,15,655,23,279,438,MAJU
SULAWESI BARAT,MAMASA,TAWALIAN,RANTETANGNGA,78,821,20,289,248,MANDIRI
SULAWESI BARAT,POLEWALI MANDAR,ALLU,PETOOSANG,26,734,53,578,631,BERKEMBANG
SULAWESI BARAT,POLEWALI MANDAR,ALLU,MOMBI,16,964,28,181,140,TERTINGGAL
SULAWESI BARAT,POLEWALI MANDAR,ALLU,KALUMAMMANG,20,539,42,482,380,MAJU
SULAWESI BARAT,POLEWALI MANDAR,ALLU,PAO-PAO,99,288,100,816,349,MANDIRI
SULAWESI BARAT,POLEWALI MANDAR,ALLU,PUPPU URING,37,450,34,987,559,BERKEMBANG
SULAWESI BARAT,POLEWALI MANDAR,ALLU,SARAGIAN,28,682,50,192,144,TERTINGGAL
SULAWESI BARAT,POLEWALI MANDAR,ALLU,SAYOANG,77,446,74,278,276,MAJU
SULAWESI BARAT,POLEWALI MANDAR,ALLU,ALU,84,802,10,413,836,MANDIRI
SULAWESI BARAT,POLEWALI MANDAR,ANREAPI,ANREAPI,91,755,62,323,793,BERKEMBANG
SULAWESI BARAT,POLEWALI MANDAR,ANREAPI,DUAMPANUA,61,383,14,991,683,TERTINGGAL
SULAWESI BARAT,POLEWALI MANDAR,ANREAPI,KELAPA DUA,48,586,52,714,531,MAJU
SULAWESI BARAT,POLEWALI MANDAR,ANREAPI,PAPPANDANGAN,100,825,60,321,186,MANDIRI
SULAWESI BARAT,POLEWALI MANDAR,ANREAPI,KUNYI,15,585,97,395,489,BERKEMBANG
SULAWESI BARAT,POLEWALI MANDAR,BALANIPA,BALANIPA,21,755,53,236,304,TERTINGGAL
SULAWESI BARAT,POLEWALI MANDAR,BALANIPA,TAMMAJARRA,54,939,17,530,860,MAJU
SULAWESI BARAT,POLEWALI MANDAR,BALANIPA,TAMANGGALLE,73,187,52,370,841,MANDIRI
SULAWESI BARAT,POLEWALI MANDAR,BALANIPA,MOSSO,71,940,32,871,903,BERKEMBANG
SULAWESI BARAT,POLEWALI MANDAR,BALANIPA,GALUNG TULUK,63,661,34,472,136,TERTINGGAL
SULAWESI BARAT,POLEWALI MANDAR,BALANIPA,SABANG SUBIK,58,158,62,803,707,MAJU
SULAWESI BARAT,POLEWALI MANDAR,BALANIPA,PAMBUSUANG,83,924,36,918,844,MANDIRI
SULAWESI BARAT,POLEWALI MANDAR,BALANIPA,BALA,11,643,76,772,687,BERKEMBANG
SULAWESI BARAT,POLEWALI MANDAR,BALANIPA,LAMBANAN,30,512,29,831,613,TERTINGGAL
SULAWESI BARAT,POLEWALI MANDAR,BALANIPA,LEGO,96,249,21,503,470,MAJU
SULAWESI BARAT,POLEWALI MANDAR,BALANIPA,PALLIS,96,318,54,696,619,MANDIRI
SULAWESI BARAT,POLEWALI MANDAR,BINUANG,AMASSANGAN,94,897,79,843,495,BERKEMBANG
SULAWESI BARAT,POLEWALI MANDAR,BINUANG,TONYAMAN,83,410,38,334,932,TERTINGGAL
SULAWESI BARAT,POLEWALI MANDAR,BINUANG,KUAJANG,32,887,54,376,318,MAJU
SULAWESI BARAT,POLEWALI MANDAR,BINUANG,PAKU,90,232,94,543,509,MANDIRI
SULAWESI BARAT,POLEWALI MANDAR,BINUANG,MIRRING,10,650,71,953,758,BERKEMBANG
SULAWESI BARAT,POLEWALI MANDAR,BINUANG,BATETANGNGA,91,149,20,425,735,TERTINGGAL
SULAWESI BARAT,POLEWALI MANDAR,BINUANG,MAMMI,100,928,40,452,954,MAJU
SULAWESI BARAT,POLEWALI MANDAR,BINUANG,KALEOK,20,377,34,306,366,MANDIRI
SULAWESI BARAT,POLEWALI MANDAR,BINUANG,AMOLA,44,815,30,201,682,BERKEMBANG
SULAWESI BARAT,POLEWALI MANDAR,BINUANG,REA,96,483,61,756,789,TERTINGGAL
SULAWESI BARAT,POLEWALI MANDAR,BULO,BULO,95,238,78,789,672,MAJU
SULAWESI BARAT,POLEWALI MANDAR,BULO,PULLIWA,33,252,17,899,186,MANDIRI
SULAWESI BARAT,POLEWALI MANDAR,BULO,PATAMBANUA,31,523,92,541,330,BERKEMBANG
SULAWESI BARAT,POLEWALI MANDAR,BULO,KAROMBANG,59,661,44,279,792,TERTINGGAL
SULAWESI BARAT,POLEWALI MANDAR,BULO,DAALA TIMUR,41,953,55,643,164,MAJU
SULAWESI BARAT,POLEWALI MANDAR,BULO,LENGGO,36,527,56,527,585,MANDIRI
SULAWESI BARAT,POLEWALI MANDAR,BULO,SABURA,98,786,57,579,385,BERKEMBANG
SULAWESI BARAT,POLEWALI MANDAR,BULO,SEPPORRAKI,23,735,23,673,420,TERTINGGAL
SULAWESI BARAT,POLEWALI MANDAR,BULO,IHING,62,644,27,683,733,MAJU
SULAWESI BARAT,POLEWALI MANDAR,CAMPALAGIAN,PAPPANG,80,115,48,252,673,MANDIRI
SULAWESI BARAT,POLEWALI MANDAR,CAMPALAGIAN,LALIKO,97,471,67,939,349,BERKEMBANG
SULAWESI BARAT,POLEWALI MANDAR,CAMPALAGIAN,BONDE,65,164,41,675,280,TERTINGGAL
SULAWESI BARAT,POLEWALI MANDAR,CAMPALAGIAN,KATUMBANGAN LEMO,15,352,43,126,966,MAJU
SULAWESI BARAT,POLEWALI MANDAR,CAMPALAGIAN,PANYAMPA,99,573,48,939,346,MANDIRI
SULAWESI BARAT,POLEWALI MANDAR,CAMPALAGIAN,SURUANG,19,807,80,681,147,BERKEMBANG
SULAWESI BARAT,POLEWALI MANDAR,CAMPALAGIAN,LAMPOKO,38,595,84,884,382,TERTINGGAL
SULAWESI BARAT,POLEWALI MANDAR,CAMPALAGIAN,KATUMBANGAN,27,465,78,611,235,MAJU
SULAWESI BARAT,POLEWALI MANDAR,CAMPALAGIAN,LAPEO,52,798,92,812,940,MANDIRI
SULAWESI BARAT,POLEWALI MANDAR,CAMPALAGIAN,PARAPPE,57,501,94,874,724,BERKEMBANG
SULAWESI BARAT,POLEWALI MANDAR,CAMPALAGIAN,ONGKO,79,927,89,943,620,TERTINGGAL
SULAWESI BARAT,POLEWALI MANDAR,CAMPALAGIAN,KENJE,79,747,62,892,610,MAJU
SULAWESI BARAT,POLEWALI MANDAR,CAMPALAGIAN,SUMARRANG,78,989,100,371,196,MANDIRI
SULAWESI BARAT,POLEWALI MANDAR,CAMPALAGIAN,BOTTO,71,395,55,757,497,BERKEMBANG
SULAWESI BARAT,POLEWALI MANDAR,CAMPALAGIAN,GATTUNGAN,80,699,66,962,887,TERTINGGAL
SULAWESI BARAT,POLEWALI MANDAR,CAMPALAGIAN,PADANG TIMUR,61,167,20,290,293,MAJU
SULAWESI BARAT,POLEWALI MANDAR,CAMPALAGIAN,PADANG,75,663,39,521,811,MANDIRI
SULAWESI BARAT,POLEWALI MANDAR,CAMPALAGIAN,LAGI-AGI,78,299,78,570,534,BERKEMBANG
SULAWESI BARAT,POLEWALI MANDAR,LIMBORO,LIMBORO,67,754,13,877,819,TERTINGGAL
SULAWESI BARAT,POLEWALI MANDAR,LIMBORO,LEMBANG LEMBANG,100,911,25,124,842,MAJU
SULAWESI BARAT,POLEWALI MANDAR,LIMBORO,TANDASURA,87,555,86,372,936,MANDIRI
SULAWESI BARAT,POLEWALI MANDAR,LIMBORO,SAMASUNDU,61,525,83,647,222,BERKEMBANG
SULAWESI BARAT,POLEWALI MANDAR,LIMBORO,NAPO,51,649,37,976,260,TERTINGGAL
SULAWESI BARAT,POLEWALI MANDAR,LIMBORO,TODANG TODANG,58,226,96,178,369,MAJU
SULAWESI BARAT,POLEWALI MANDAR,LIMBORO,PENDULANGAN,99,736,36,524,442,MANDIRI
SULAWESI BARAT,POLEWALI MANDAR,LIMBORO,RENGGEANG,82,821,59,426,134,BERKEMBANG
SULAWESI BARAT,POLEWALI MANDAR,LIMBORO,SALARRI,17,183,26,881,811,TERTINGGAL
SULAWESI BARAT,POLEWALI MANDAR,LIMBORO,TANGAN BARU,19,670,54,440,374,MAJU
SULAWESI BARAT,POLEWALI MANDAR,LIMBORO,PALECE,34,339,68,910,436,MANDIRI
SULAWESI BARAT,POLEWALI MANDAR,LUYO,BATUPANGA,74,458,25,186,163,BERKEMBANG
SULAWESI BARAT,POLEWALI MANDAR,LUYO,MAMBU,79,418,27,814,871,TERTINGGAL
SULAWESI BARAT,POLEWALI MANDAR,LUYO,TENGGELANG,96,512,88,469,174,MAJU
SULAWESI BARAT,POLEWALI MANDAR,LUYO,BARU,64,483,36,870,410,MANDIRI
SULAWESI BARAT,POLEWALI MANDAR,LUYO,PUSSUI,57,818,17,276,278,BERKEMBANG
SULAWESI BARAT,POLEWALI MANDAR,LUYO,MAPILI BARAT,80,656,16,831,515,TERTINGGAL
SULAWESI BARAT,POLEWALI MANDAR,LUYO,SAMBALI WALI,43,771,58,422,834,MAJU
SULAWESI BARAT,POLEWALI MANDAR,LUYO,BATUPANGA DAALA,17,170,95,733,698,MANDIRI
SULAWESI BARAT,POLEWALI MANDAR,LUYO,LUYO,13,576,74,504,880,BERKEMBANG
SULAWESI BARAT,POLEWALI MANDAR,LUYO,PUSSUI BARAT,83,488,73,327,429,TERTINGGAL
SULAWESI BARAT,POLEWALI MANDAR,LUYO,PUCCADI,12,957,34,257,471,MAJU
SULAWESI BARAT,POLEWALI MANDAR,MAPILLI,MAPILI,40,134,97,961,873,MANDIRI
SULAWESI BARAT,POLEWALI MANDAR,MAPILLI,UGIBARU,28,122,18,783,806,BERKEMBANG
SULAWESI BARAT,POLEWALI MANDAR,MAPILLI,RUMPA,95,987,95,466,458,TERTINGGAL
SULAWESI BARAT,POLEWALI MANDAR,MAPILLI,KURMA,74,808,53,942,444,MAJU
SULAWESI BARAT,POLEWALI MANDAR,MAPILLI,BUKU,71,505,91,918,312,MANDIRI
SULAWESI BARAT,POLEWALI MANDAR,MAPILLI,BONNE BONNE,74,355,89,280,342,BERKEMBANG
SULAWESI BARAT,POLEWALI MANDAR,MAPILLI,BEROANGIN,31,294,22,251,422,TERTINGGAL
SULAWESI BARAT,POLEWALI MANDAR,MAPILLI,SEGERANG,53,616,82,217,109,MAJU
SULAWESI BARAT,POLEWALI MANDAR,MAPILLI,BONRA,25,664,77,264,508,MANDIRI
SULAWESI BARAT,POLEWALI MANDAR,MAPILLI,SATTOKO,96,736,71,431,915,BERKEMBANG
SULAWESI BARAT,POLEWALI MANDAR,MAPILLI,RAPPANG BARAT,80,242,54,997,864,TERTINGGAL
SULAWESI BARAT,POLEWALI MANDAR,MAPILLI,LANDI KANUSUANG,39,152,57,289,642,MAJU
SULAWESI BARAT,POLEWALI MANDAR,MATAKALI,MATAKALI,59,393,79,824,209,MANDIRI
SULAWESI BARAT,POLEWALI MANDAR,MATAKALI,PETAMPANUA,36,847,53,182,299,BERKEMBANG
SULAWESI BARAT,POLEWALI MANDAR,MATAKALI,BARUMBUNG,43,545,11,798,174,TERTINGGAL
SULAWESI BARAT,POLEWALI MANDAR,MATAKALI,PASIANG,10,663,53,727,866,MAJU
SULAWESI BARAT,POLEWALI MANDAR,MATAKALI,TONROLIMA,74,863,13,173,809,MANDIRI
SULAWESI BARAT,POLEWALI MANDAR,MATAKALI,INDOMAKKOMBONG,40,137,78,115,327,BERKEMBANG
SULAWESI BARAT,POLEWALI MANDAR,MATAKALI,BUNGA-BUNGA,44,411,54,562,643,TERTINGGAL
SULAWESI BARAT,POLEWALI MANDAR,MATANGNGA,MATANGNGA,59,380,84,497,370,MAJU
SULAWESI BARAT,POLEWALI MANDAR,MATANGNGA,LILLI,67,972,24,648,229,MANDIRI
SULAWESI BARAT,POLEWALI MANDAR,MATANGNGA,RANGOAN,23,269,65,766,854,BERKEMBANG
SULAWESI BARAT,POLEWALI MANDAR,MATANGNGA,TAPUA,43,264,84,809,319,TERTINGGAL
SULAWESI BARAT,POLEWALI MANDAR,MATANGNGA,MAMBU TAPUA,44,330,99,897,127,MAJU
SULAWESI BARAT,POLEWALI MANDAR,MATANGNGA,BA'BA TAPUA,82,556,91,723,853,MANDIRI
SULAWESI BARAT,POLEWALI MANDAR,MATANGNGA,KATIMBANG,82,637,56,197,879,BERKEMBANG
SULAWESI BARAT,POLEWALI MANDAR,POLEWALI,POLEWALI,10,520,92,867,339,TERTINGGAL
SULAWESI BARAT,POLEWALI MANDAR,POLEWALI,WATTANG,35,868,47,719,906,MAJU
SULAWESI BARAT,POLEWALI MANDAR,POLEWALI,SULEWATANG,92,454,46,280,892,MANDIRI
SULAWESI BARAT,POLEWALI MANDAR,POLEWALI,LANTORA,74,789,22,148,551,BERKEMBANG
SULAWESI BARAT,POLEWALI MANDAR,POLEWALI,TAKATIDUNG,58,898,38,344,686,TERTINGGAL
SULAWESI BARAT,POLEWALI MANDAR,POLEWALI,PEKKABATA,98,333,16,392,668,MAJU
SULAWESI BARAT,POLEWALI MANDAR,POLEWALI,MADATE,70,949,62,222,734,MANDIRI
SULAWESI BARAT,POLEWALI MANDAR,POLEWALI,MANDING,76,739,86,212,188,BERKEMBANG
SULAWESI BARAT,POLEWALI MANDAR,POLEWALI,DARMA,49,200,35,910,528,TERTINGGAL
SULAWESI BARAT,POLEWALI MANDAR,TAPANGO,PELITAKAN,30,635,17,739,765,MAJU
SULAWESI BARAT,POLEWALI MANDAR,TAPANGO,TAPANGO,75,583,63,122,125,MANDIRI
SULAWESI BARAT,POLEWALI MANDAR,TAPANGO,RAPPANG,52,686,70,401,663,BERKEMBANG
SULAWESI BARAT,POLEWALI MANDAR,TAPANGO,DAKKA,57,778,28,208,111,TERTINGGAL
SULAWESI BARAT,POLEWALI MANDAR,TAPANGO,BATU,12,808,35,203,873,MAJU
SULAWESI BARAT,POLEWALI MANDAR,TAPANGO,RISO,46,271,48,999,143,MANDIRI
SULAWESI BARAT,POLEWALI MANDAR,TAPANGO,PALATTA,72,927,96,579,401,BERKEMBANG
SULAWESI BARAT,POLEWALI MANDAR,TAPANGO,TAPANGO BARAT,44,215,12,677,225,TERTINGGAL
SULAWESI BARAT,POLEWALI MANDAR,TAPANGO,KURRAK,24,472,44,431,551,MAJU
SULAWESI BARAT,POLEWALI MANDAR,TAPANGO,BUSSU,96,293,87,241,461,MANDIRI
SULAWESI BARAT,POLEWALI MANDAR,TAPANGO,TUTTULA,67,127,40,343,229,BERKEMBANG
SULAWESI BARAT,POLEWALI MANDAR,TAPANGO,JAMBU MALEA,36,784,80,396,864,TERTINGGAL
SULAWESI BARAT,POLEWALI MANDAR,TAPANGO,KALIMBUA,94,209,35,744,575,MAJU
SULAWESI BARAT,POLEWALI MANDAR,TAPANGO,BANATO REJO,75,164,26,892,153,MANDIRI
SULAWESI BARAT,POLEWALI MANDAR,TINAMBUNG,TINAMBUNG,65,578,14,672,512,BERKEMBANG
SULAWESI BARAT,POLEWALI MANDAR,TINAMBUNG,KARAMA,41,583,67,891,944,TERTINGGAL
SULAWESI BARAT,POLEWALI MANDAR,TINAMBUNG,TANGNGA TANGNGA,17,588,15,755,614,MAJU
SULAWESI BARAT,POLEWALI MANDAR,TINAMBUNG,LEKOPADIS,69,134,47,463,972,MANDIRI
SULAWESI BARAT,POLEWALI MANDAR,TINAMBUNG,GALUNG LOMBOK,34,965,57,926,970,BERKEMBANG
SULAWESI BARAT,POLEWALI MANDAR,TINAMBUNG,TANDUNG,85,325,21,505,403,TERTINGGAL
SULAWESI BARAT,POLEWALI MANDAR,TINAMBUNG,BATULAYA,56,766,83,342,911,MAJU
SULAWESI BARAT,POLEWALI MANDAR,TINAMBUNG,SEPABATU,21,427,59,871,981,MANDIRI
SULAWESI BARAT,POLEWALI MANDAR,TUTAR,TARAMANU,83,594,65,287,254,BERKEMBANG
SULAWESI BARAT,POLEWALI MANDAR,TUTAR,AMBOPADANG,77,273,46,696,376,TERTINGGAL
SULAWESI BARAT,POLEWALI MANDAR,TUTAR,TUBBI,50,885,52,788,127,MAJU
SULAWESI BARAT,POLEWALI MANDAR,TUTAR,RATTE,98,578,100,209,609,MANDIRI
SULAWESI BARAT,POLEWALI MANDAR,TUTAR,BESOANGIN,91,586,17,228,942,BERKEMBANG
SULAWESI BARAT,POLEWALI MANDAR,TUTAR,PIRIANG TAPIKO,28,837,58,123,824,TERTINGGAL
SULAWESI BARAT,POLEWALI MANDAR,TUTAR,PEBURRU,73,343,75,267,592,MAJU
SULAWESI BARAT,POLEWALI MANDAR,TUTAR,TALOBA,14,668,41,285,826,MANDIRI
SULAWESI BARAT,POLEWALI MANDAR,TUTAR,POLLEWANI,74,380,89,487,785,BERKEMBANG
SULAWESI BARAT,POLEWALI MANDAR,TUTAR,ARABUA,72,462,60,437,587,TERTINGGAL
SULAWESI BARAT,POLEWALI MANDAR,TUTAR,BESOANGIN UTARA,58,381,91,394,581,MAJU
SULAWESI BARAT,POLEWALI MANDAR,TUTAR,PODA,82,931,86,250,787,MANDIRI
SULAWESI BARAT,POLEWALI MANDAR,TUTAR,TARAMANU TUA,96,418,58,750,361,BERKEMBANG
SULAWESI BARAT,POLEWALI MANDAR,WONOMULYO,SIDODADI,33,273,58,448,810,TERTINGGAL
SULAWESI BARAT,POLEWALI MANDAR,WONOMULYO,SIDOREJO,88,247,23,231,884,MAJU
SULAWESI BARAT,POLEWALI MANDAR,WONOMULYO,SUMBEREJO,90,790,47,678,529,MANDIRI
SULAWESI BARAT,POLEWALI MANDAR,WONOMULYO,BUMIAYU,66,399,46,385,502,BERKEMBANG
SULAWESI BARAT,POLEWALI MANDAR,WONOMULYO,KEBUNSARI,98,965,68,836,888,TERTINGGAL
SULAWESI BARAT,POLEWALI MANDAR,WONOMULYO,BANUA BARU,22,963,53,359,605,MAJU
SULAWESI BARAT,POLEWALI MANDAR,WONOMULYO,NEPO,16,858,33,920,908,MANDIRI
SULAWESI BARAT,POLEWALI MANDAR,WONOMULYO,SUGIHWARAS,70,255,20,806,165,BERKEMBANG
SULAWESI BARAT,POLEWALI MANDAR,WONOMULYO,CAMPURJO,79,919,37,566,771,TERTINGGAL
SULAWESI BARAT,POLEWALI MANDAR,WONOMULYO,BUMIMULYO,34,867,58,290,390,MAJU
SULAWESI BARAT,POLEWALI MANDAR,WONOMULYO,TUMPILING,55,683,86,375,244,MANDIRI
SULAWESI BARAT,POLEWALI MANDAR,WONOMULYO,BAKKA-BAKKA,80,950,46,146,194,BERKEMBANG
SULAWESI BARAT,POLEWALI MANDAR,WONOMULYO,ARJO SARI,82,932,94,985,313,TERTINGGAL
SULAWESI BARAT,POLEWALI MANDAR,WONOMULYO,GALESON,57,304,92,462,401,MAJU
SULAWESI BARAT,MAMUJU,MAMUJU,BINANGA,65,429,100,849,602,MANDIRI
SULAWESI BARAT,MAMUJU,MAMUJU,MAMUNYU,38,364,100,378,955,BERKEMBANG
SULAWESI BARAT,MAMUJU,MAMUJU,KAREMA,80,170,41,432,654,TERTINGGAL
SULAWESI BARAT,MAMUJU,MAMUJU,RIMUKU,54,166,56,709,217,MAJU
SULAWESI BARAT,MAMUJU,MAMUJU,BAMBU,73,564,15,439,422,MANDIRI
SULAWESI BARAT,MAMUJU,MAMUJU,KARAMPUANG,49,118,56,508,257,BERKEMBANG
SULAWESI BARAT,MAMUJU,MAMUJU,TADUI,42,949,34,600,498,TERTINGGAL
SULAWESI BARAT,MAMUJU,MAMUJU,BATU PANNU,81,206,93,628,789,MAJU
SULAWESI BARAT,MAMUJU,TAPALANG,GALUNG,79,171,80,205,824,MANDIRI
SULAWESI BARAT,MAMUJU,TAPALANG,KASAMBANG,81,226,71,729,753,BERKEMBANG
SULAWESI BARAT,MAMUJU,TAPALANG,DAYANGINNA,48,198,85,443,510,TERTINGGAL
SULAWESI BARAT,MAMUJU,TAPALANG,OROBATU,72,543,74,757,553,MAJU
SULAWESI BARAT,MAMUJU,TAPALANG,TAKANDEANG,77,904,58,535,947,MANDIRI
SULAWESI BARAT,MAMUJU,TAPALANG,BELA,47,161,75,270,754,BERKEMBANG
SULAWESI BARAT,MAMUJU,TAPALANG,TAAN,61,664,55,346,506,TERTINGGAL
SULAWESI BARAT,MAMUJU,TAPALANG,TAMPALANG,87,509,61,444,524,MAJU
SULAWESI BARAT,MAMUJU,TAPALANG,RANTEDODA,31,274,57,531,339,MANDIRI
SULAWESI BARAT,MAMUJU,TAPALANG,KOPEANG,85,468,16,405,729,BERKEMBANG
SULAWESI BARAT,MAMUJU,KALUKKU,SINYONYOI,49,261,16,768,618,TERTINGGAL
SULAWESI BARAT,MAMUJU,KALUKKU,BEBANGA,21,491,11,335,479,MAJU
SULAWESI BARAT,MAMUJU,KALUKKU,KALUKKU,70,585,39,520,718,MANDIRI
SULAWESI BARAT,MAMUJU,KALUKKU,SINYONYOI SELATAN,63,723,16,890,453,BERKEMBANG
SULAWESI BARAT,MAMUJU,KALUKKU,SONDOANG,61,668,32,706,980,TERTINGGAL
SULAWESI BARAT,MAMUJU,KALUKKU,BERU-BERU,87,545,14,708,925,MAJU
SULAWESI BARAT,MAMUJU,KALUKKU,BELANG BELANG,40,593,53,238,683,MANDIRI
SULAWESI BARAT,MAMUJU,KALUKKU,KABULOANG,45,727,30,281,195,BERKEMBANG
SULAWESI BARAT,MAMUJU,KALUKKU,KEANG,47,700,27,315,932,TERTINGGAL
SULAWESI BARAT,MAMUJU,KALUKKU,POKKANG,97,880,66,762,350,MAJU
SULAWESI BARAT,MAMUJU,KALUKKU,GULILING,39,625,69,752,640,MANDIRI
SULAWESI BARAT,MAMUJU,KALUKKU,UHAIMATE,33,685,65,533,181,BERKEMBANG
SULAWESI BARAT,MAMUJU,KALUKKU,KALUKKU BARAT,12,893,97,265,642,TERTINGGAL
SULAWESI BARAT,MAMUJU,KALUKKU,PAMMULUKANG,75,135,72,695,828,MAJU
SULAWESI BARAT,MAMUJU,KALUMPANG,KALUMPANG,90,533,33,885,755,MANDIRI
SULAWESI BARAT,MAMUJU,KALUMPANG,KARATAUN,20,493,26,184,938,BERKEMBANG
SULAWESI BARAT,MAMUJU,KALUMPANG,KARAMA,87,663,58,847,904,TERTINGGAL
SULAWESI BARAT,MAMUJU,KALUMPANG,SIRAUN,92,667,60,446,119,MAJU
SULAWESI BARAT,MAMUJU,KALUMPANG,TUMOGA,58,766,31,738,300,MANDIRI
SULAWESI BARAT,MAMUJU,KALUMPANG,SALUMAKKI,95,500,16,1000,322,BERKEMBANG
SULAWESI BARAT,MAMUJU,KALUMPANG,POLIO,100,821,39,533,723,TERTINGGAL
SULAWESI BARAT,MAMUJU,KALUMPANG,LIMBONG,78,334,78,438,438,MAJU
SULAWESI BARAT,MAMUJU,KALUMPANG,SANDAPANG,24,943,41,399,453,MANDIRI
SULAWESI BARAT,MAMUJU,KALUMPANG,KONDO BULO,89,254,58,761,512,BERKEMBANG
SULAWESI BARAT,MAMUJU,KALUMPANG,MAKKALIKI,62,773,87,144,546,TERTINGGAL
SULAWESI BARAT,MAMUJU,KALUMPANG,BATU MAKKADA,99,187,97,426,673,MAJU
SULAWESI BARAT,MAMUJU,KALUMPANG,LASA',46,379,60,946,903,MANDIRI
SULAWESI BARAT,MAMUJU,PAPALANG,TOABO,22,798,81,665,713,BERKEMBANG
SULAWESI BARAT,MAMUJU,PAPALANG,PAPALANG,42,278,19,324,356,TERTINGGAL
SULAWESI BARAT,MAMUJU,PAPALANG,BONDA,70,333,92,945,744,MAJU
SULAWESI BARAT,MAMUJU,PAPALANG,TOPORE,25,722,11,579,360,MANDIRI
SULAWESI BARAT,MAMUJU,PAPALANG,SALUKAYU,78,375,64,880,622,BERKEMBANG
SULAWESI BARAT,MAMUJU,PAPALANG,SUKADAMAI,33,184,99,739,190,TERTINGGAL
SULAWESI BARAT,MAMUJU,PAPALANG,BODA-BODA,89,248,58,751,801,MAJU
SULAWESI BARAT,MAMUJU,PAPALANG,SISANGO,71,207,93,326,290,MANDIRI
SULAWESI BARAT,MAMUJU,PAPALANG,BATU AMPA,34,321,48,719,367,BERKEMBANG
SULAWESI BARAT,MAMUJU,SAMPAGA,BUNDE,54,491,97,182,111,TERTINGGAL
SULAWESI BARAT,MAMUJU,SAMPAGA,KALONDING,69,757,57,605,966,MAJU
SULAWESI BARAT,MAMUJU,SAMPAGA,TARAILU,98,861,12,396,694,MANDIRI
SULAWESI BARAT,MAMUJU,SAMPAGA,SAMPAGA,76,199,81,647,933,BERKEMBANG
SULAWESI BARAT,MAMUJU,SAMPAGA,TANAMBUAH,92,207,53,806,788,TERTINGGAL
SULAWESI BARAT,MAMUJU,SAMPAGA,SALUBARANA,84,639,41,882,362,MAJU
SULAWESI BARAT,MAMUJU,SAMPAGA,LOSSO,60,131,99,116,635,MANDIRI
SULAWESI BARAT,MAMUJU,TOMMO,TOMMO,58,615,87,309,485,BERKEMBANG
SULAWESI BARAT,MAMUJU,TOMMO,CAMPALOGA,77,697,46,114,895,TERTINGGAL
SULAWESI BARAT,MAMUJU,TOMMO,BUANA SAKTI,96,328,57,778,146,MAJU
SULAWESI BARAT,MAMUJU,TOMMO,TAMEMONGGA,68,492,16,825,246,MANDIRI
SULAWESI BARAT,MAMUJU,TOMMO,TAMEJARRA,30,541,29,237,178,BERKEMBANG
SULAWESI BARAT,MAMUJU,TOMMO,RANTEMARIO,17,547,17,518,486,TERTINGGAL
SULAWESI BARAT,MAMUJU,TOMMO,MALINO,29,692,25,981,565,MAJU
SULAWESI BARAT,MAMUJU,TOMMO,KAKULLASANG,72,288,63,835,467,MANDIRI
SULAWESI BARAT,MAMUJU,TOMMO,LELING,33,560,49,169,111,BERKEMBANG
SULAWESI BARAT,MAMUJU,TOMMO,KALEPU,43,223,59,889,108,TERTINGGAL
SULAWESI BARAT,MAMUJU,TOMMO,SANDANA,72,451,80,468,720,MAJU
SULAWESI BARAT,MAMUJU,TOMMO,LELING BARAT,59,129,19,776,679,MANDIRI
SULAWESI BARAT,MAMUJU,TOMMO,LELING UTARA,20,980,38,332,978,BERKEMBANG
SULAWESI BARAT,MAMUJU,TOMMO,SALUDENGEN,49,314,72,836,319,TERTINGGAL
SULAWESI BARAT,MAMUJU,SIMBORO,SIMBORO,43,524,53,340,669,MAJU
SULAWESI BARAT,MAMUJU,SIMBORO,RANGAS,68,240,85,363,271,MANDIRI
SULAWESI BARAT,MAMUJU,SIMBORO,BOTTENG,51,801,47,147,110,BERKEMBANG
SULAWESI BARAT,MAMUJU,SIMBORO,SALETTO,61,577,57,888,627,TERTINGGAL
SULAWESI BARAT,MAMUJU,SIMBORO,SUMARE,63,382,57,114,102,MAJU
SULAWESI BARAT,MAMUJU,SIMBORO,BOTTENG UTARA,47,986,96,895,672,MANDIRI
SULAWESI BARAT,MAMUJU,SIMBORO,TAPANDULLU,88,818,12,198,633,BERKEMBANG
SULAWESI BARAT,MAMUJU,SIMBORO,PATI'DI,81,460,96,684,602,TERTINGGAL
SULAWESI BARAT,MAMUJU,TAPALANG BARAT,DUNGKAIT,54,997,91,134,498,MAJU
SULAWESI BARAT,MAMUJU,TAPALANG BARAT,LEBANI,21,418,17,661,410,MANDIRI
SULAWESI BARAT,MAMUJU,TAPALANG BARAT,LABUANG RANO,45,994,50,139,559,BERKEMBANG
SULAWESI BARAT,MAMUJU,TAPALANG BARAT,PASABU,70,278,46,381,116,TERTINGGAL
SULAWESI BARAT,MAMUJU,TAPALANG BARAT,TANETE PAO,77,340,73,927,447,MAJU
SULAWESI BARAT,MAMUJU,TAPALANG BARAT,PANGASAAN,80,717,66,760,333,MANDIRI
SULAWESI BARAT,MAMUJU,TAPALANG BARAT,AHU,59,914,25,948,662,BERKEMBANG
SULAWESI BARAT,MAMUJU,BONEHAU,BONEHAU,97,939,100,552,741,TERTINGGAL
SULAWESI BARAT,MAMUJU,BONEHAU,SALUTIWO,51,947,39,650,742,MAJU
SULAWESI BARAT,MAMUJU,BONEHAU,BUTTUADA,76,254,64,142,482,MANDIRI
SULAWESI BARAT,MAMUJU,BONEHAU,TAMALEA,52,525,32,780,101,BERKEMBANG
SULAWESI BARAT,MAMUJU,BONEHAU,LUMIKA,32,167,11,965,462,TERTINGGAL
SULAWESI BARAT,MAMUJU,BONEHAU,MAPPU,89,977,46,518,716,MAJU
SULAWESI BARAT,MAMUJU,BONEHAU,BANUADA,13,789,18,276,309,MANDIRI
SULAWESI BARAT,MAMUJU,BONEHAU,HINUA,21,114,23,697,721,BERKEMBANG
SULAWESI BARAT,MAMUJU,BONEHAU,KINATANG,50,901,98,480,436,TERTINGGAL
SULAWESI BARAT,MAMUJU,KEP. BALA BALAKANG,BALA BALAKANG,84,575,72,139,168,MAJU
SULAWESI BARAT,MAMUJU,KEP. BALA BALAKANG,BALA-BALAKANG TIMUR,84,176,49,467,938,MANDIRI
